-0.089184015999999991,0.085293435000000001,-0.043694179999999999
-0.11776478999999999,0.096815534000000009,-0.06194997
-0.14469956,0.14799160000000003,-0.11028291
-0.090530749999999993,0.11566986999999999,-0.14155717000000001
-0.046986207000000002,0.18884265,-0.15442601
-0.0013467384,0.22191256000000001,-0.19213470000000002
0.080654669999999998,0.18974047999999999,-0.18375498000000001
0.17193359999999999,-0.025288755,-0.091129299999999996
0.17013796,-0.0068833296999999995,-0.096067349999999996
0.21188684999999999,-0.13138182000000001,-0.028880057999999997
0.15801730999999999,-0.15741875999999999,-0.040701429999999997
0.035763387000000001,-0.15412672999999999,-0.064493805000000001
-0.066888009999999998,-0.13976152,-0.080654669999999998
-0.14918870000000001,-0.068384390000000003,-0.082001409999999997
-0.13721769,0.0028431145000000001,-0.082001409999999997
-0.117016606,0.020051438000000001,-0.059106853000000001
-0.10339958,-0.094870239999999995,0.010773906999999999
-0.12075755000000001,-0.020799628000000001,-0.039504326999999999
-0.13706805,-0.088585466000000002,0.01062427
-0.14888941999999999,-0.111779295,0.11297639499999999
-0.22999299999999998,-0.15263035999999999,0.085443069999999996
-0.31678279999999998,-0.11656769,0.063595979999999996
-0.29538465000000003,0.046088382999999997,-0.040402155000000002
-0.24540566999999999,0.61141926000000002,-0.16879121999999999
-0.19826983000000001,1.0812813000000001,-0.17342998000000001
-0.19512744000000001,1.5273510000000001,-0.21532851
-0.11552023,1.0685621999999999,0.10160393
-0.049679685000000001,0.33025019999999999,0.37753566999999999
0.021547815000000001,-0.34356794000000002,0.50098670000000001
0.049829322999999995,-0.80594814000000004,0.43529579999999995
-0.047584757000000005,-0.78724340000000004,0.27473465000000002
-0.13901334000000001,-1.0322002000000001,0.24735096000000001
-0.25662847999999999,-0.85652565999999997,0.093673140000000002
-0.30436290000000005,-0.031723170000000002,-0.22206220000000004
-0.33264440000000006,0.20156184999999999,-0.22161328999999999
-0.32501290000000005,0.15337855,-0.091278940000000003
-0.33593643000000001,0.16145898,-0.052672440000000001
-0.28790273999999999,0.49829321999999998,-0.13497312
-0.19467852999999999,0.41135377000000001,-0.0068833296999999995
-0.036212300000000003,0.052073889999999998,0.2033575
0.092326399999999989,-0.037708677000000003,0.22640170000000004
0.053420625999999999,-0.0031423896999999996,0.14739305
-0.014963761000000001,-0.17253215999999999,0.11507132
-0.025588030000000001,-0.27967268000000001,0.14290391
-0.052522800000000008,-0.15592238,0.047734394999999999
-0.097114809999999996,0.17328034,-0.13227965
-0.13587094999999999,0.33683425,-0.21562779000000001
-0.068534023999999999,0.26859949999999999,-0.17851766999999999
0.012719196,0.23597849999999998,-0.103698865
0.036810852999999998,0.12584522000000001,-0.033369187000000002
0.082300684999999998,0.042796355000000001,0.018555064
0.057011930000000002,0.066439100000000001,-0.048931497999999997
0.0040402149999999998,0.10070611,-0.082899235000000002
-0.029179332999999998,0.105494514,-0.13991116000000001
-0.020799628000000001,0.097264450000000002,-0.15711948000000001
-0.036062660000000003,0.085443069999999996,-0.17881694000000001
0.028880057999999997,0.0055365916000000006,-0.12180501000000001
0.035763387000000001,-0.061351419999999997,-0.084245970000000003
0.097414083999999998,-0.023942016,-0.021996727000000001
0.11956045,0.0010474633000000001,-0.0070329676000000004
0.098910460000000006,0.038606502000000001,-0.0037409402000000004
0.11282676,0.16684593,-0.040252518000000001
0.14215572000000001,0.22595278999999999,-0.022296003999999998
0.21832125999999999,0.048781860000000003,0.014814123
0.21024084000000001,0.14514847,0.005985504
0.16445172999999999,0.048033672999999999,-0.023642741000000002
0.085891984000000005,-0.0056862290000000001,-0.010324995
0.0088286190000000011,-0.091877490000000006,0.030675709999999998
-0.049230772999999999,0.02633622,-0.010773906999999999
-0.058508302999999998,0.078709379999999995,-0.047584757000000005
-0.059256490000000002,0.13961187999999999,-0.052522800000000008
-0.042945992000000002,0.064044889999999993,-0.013018472
-0.031872810000000001,0.13676877000000001,0.0017956513
-0.018555064,0.13392566,-0.019003976000000002
-0.029328969999999999,0.2558803,-0.039504326999999999
-0.00014963760000000001,0.12075755000000001,-0.051924249999999998
0.03441665,0.027682956000000002,0.0034416649
0.056862290000000003,0.027533319000000001,0.037708677000000003
0.087089083999999997,0.043694179999999999,0.031423896999999999
0.098611180000000007,0.078859020000000002,0.027982232999999999
0.11342531,0.071077860000000007,0.04129998
0.095618430000000004,0.049081135999999997,0.025737667000000002
0.12599485999999999,0.119261175,-0.0071826049999999999
0.059256490000000002,0.121655375,-0.020799628000000001
0.053719900000000008,0.075118080000000004,-0.022744916
0.035164837000000004,0.076464820000000003,-0.032321719999999998
0.0086789810000000005,0.053570263,-0.021996727000000001
-0.070329669999999997,0.11432313,-0.097414083999999998
-0.11148002,0.19557635000000001,-0.13123219
-0.13676877000000001,0.13841479000000001,-0.11073182500000001
-0.20590133999999999,0.117615156,-0.13901334000000001
-0.21547815000000001,-0.0034416649,-0.12360066
-0.22789808,0.070778585999999991,-0.16235680999999999
-0.30211832999999999,0.17971477,-0.19363106999999999
-0.46971244000000001,0.43320087000000002,-0.24705168999999999
-0.49889177000000001,0.31423897000000001,-0.18091187
-0.30765492,0.016310499999999999,-0.057460839999999999
-0.094271690000000005,-0.099509009999999995,-0.015263036000000001
0.043544541999999999,-0.12240355999999999,0.010773906999999999
0.20979192999999999,-0.16355391,0.055365912999999996
0.29658174999999998,-0.024690205,0.058807577999999999
0.38037878000000003,-0.11507132,0.11432313
0.39130235000000002,-0.12449849,0.122852474
0.3776853,-0.023193828999999999,0.13676877000000001
0.36182374,0.0049380409999999998,0.12539631000000001
0.33788170000000001,0.022296003999999998,0.11686697
0.30286651999999997,0.064793080000000003,0.072574235000000001
0.24540566999999999,0.039354689999999998,0.046238019999999998
0.18555062999999999,-0.030077159999999999,0.055515549999999997
0.10908581000000001,0.0013467384,-0.0011971008
0.069431850000000003,0.0076315180000000003,-0.055814830000000003
0.062249242999999996,-0.028281507999999997,-0.044592007999999995
0.036960489999999999,-0.10250176,-0.062698155999999991
-0.01062427,-0.081851770000000004,-0.080505036000000002
-0.024390930000000002,-0.16385317999999999,-0.068534023999999999
-0.037110127999999999,-0.14978725000000001,-0.075267719999999996
-0.019901800000000001,-0.18929156999999999,-0.096216984000000005
0.0089782560000000004,-0.069282209999999997,-0.110133275
0.011372458,0.0082300689999999996,-0.070778585999999991
-0.0047884034000000002,-0.03546411,-0.037259765
-0.034566287000000001,-0.043694179999999999,0.0040402149999999998
-0.06778584,0.037559040000000002,-0.0062847793999999992
-0.06075287,0.33997664,0.042646717000000001
-0.036062660000000003,0.43634325000000002,0.11133038000000001
-0.027832596000000001,0.38426940000000004,0.23074119000000001
-0.028880057999999997,0.519841,0.29044658000000001
0.034865562000000003,0.75447280000000005,0.42302551999999999
0.079307929999999999,0.91263974000000003,0.38516719999999999
0.15098434999999999,1.5589246000000001,0.34566286000000002
0.23014264000000001,2.2734442000000001,0.70628950000000001
0.16101007000000001,2.1365256000000001,0.81178400000000006
0.22056582999999999,2.6891375000000002,0.47988779999999998
0.25139117,5.1437926000000003,0.80325466000000001
0.27458499999999997,4.173692,2.1716905
-0.046836570000000001,1.9800047999999999,2.2682067999999997
-0.46567222000000003,0.94436293999999998,2.203713
-0.50038815000000003,0.51101242999999996,2.0486883999999996
-0.57760113000000002,-0.17732057000000001,2.2071548000000001
-0.37140054,-0.55949503,1.8733131999999997
-0.48572367,0.41689038,1.4817116000000001
-0.31693243999999998,-0.61022215999999996,1.9158101999999999
-0.43993454999999998,-1.7913116999999998,2.1338322000000001
-0.62832830000000006,-2.9870657999999999,1.6846201000000001
-0.60543376000000004,-3.8886324999999995,0.33937810000000002
-0.3971382,-4.2395325000000001,-1.0326492
-0.27712884999999998,-4.69069,-2.0320787
-0.051924249999999998,-5.4255605000000005,-1.8363526999999997
0.02633622,-6.1439705,-1.9674351999999999
-0.013317747,-4.7578773000000005,-1.5762825
-0.15068507,-3.8947675000000004,-1.1043254999999998
-0.23807344,-2.7407625000000002,-0.67725980000000008
-0.13661914,-2.1407156000000001,-0.09068039
-0.16475101,-1.4477438999999999,0.27667993000000002
-0.14230535999999999,-0.74714060000000004,0.56802434000000002
0.107140526,-0.39923312999999999,0.93403790000000009
0.36661213999999998,0.038157589999999998,1.1870750999999999
0.42691610000000002,0.48886605999999999,1.1040263000000001
0.34551322000000001,0.49126026,1.0446202
0.52672440000000009,0.55680156000000003,1.2321161
0.58179099999999995,0.69805943999999998,1.1409868000000001
0.45504797000000002,0.6242880999999999,1.0562917999999999
0.24091655000000001,0.84485394000000003,1.0339959000000001
0.23433249,0.64269350000000003,1.0378863999999999
0.35000235000000002,0.39429509999999995,1.2665327
0.28027122999999998,0.44397476000000002,1.0606313999999999
0.44068274000000002,1.0654198000000001,1.1355998999999999
0.46701895999999998,0.88585460000000005,0.86131405999999999
0.48931497000000002,0.58822540000000001,0.79352819999999991
0.39249945000000003,0.46582185999999998,0.66379242999999999
0.44143093,0.33384150000000001,0.67097499999999999
0.43215340000000008,0.23956980999999999,0.46537295000000001
0.19961656999999999,0.31049802999999998,0.33593643000000001
-0.030825347000000003,0.61710550000000008,0.26411040000000002
-0.49589902000000002,0.75342536000000004,0.41629182999999997
-0.51235914000000005,0.71496850000000001,0.81627315
-0.21891980999999999,1.459266,0.88555529999999993
-0.15158289999999999,2.2290017999999998,0.68444240000000001
-0.13721769,1.9099744999999999,0.47973818000000001
-0.069731124000000005,1.2343606000000003,0.40147769999999999
-0.055814830000000003,0.64598553999999997,0.29912558
-0.092176764999999994,0.10579379,0.18555062999999999
-0.17717093,-0.28715456,0.083946699999999999
-0.37274727000000002,-0.54363339999999993,-0.0065840550000000001
-0.38741176999999999,-0.66678519999999997,0.13587094999999999
-0.30570963000000001,-0.31573533999999998,0.013018472
-0.21622633999999999,0.059555770000000001,-0.13183074
-0.16280571999999999,0.24241292,-0.18555062999999999
-0.17477672,0.28251579999999998,-0.13183074
-0.10579379,0.0067336923,-0.087089083999999997
-0.095169514000000011,-0.15637129999999999,-0.040252518000000001
-0.12389994,-0.017956512000000001,-0.12554594999999999
-0.16849194000000001,0.1894412,-0.016909049999999998
-0.13856441999999999,0.34012628,0.026186582000000003
-0.11686697,0.50397943999999995,0.111180745
-0.14499883,0.52672440000000009,0.19737199999999999
-0.08364742,0.44068274000000002,0.32112229999999997
-0.047884032,0.33339259999999998,0.3218705
-0.029777883999999998,0.23732523999999999,0.32695817999999999
-0.00029927520000000001,0.16714520999999999,0.30840309999999999
0.0092775319999999998,0.097414083999999998,0.27967268000000001
0.02873042,0.070778585999999991,0.27667993000000002
0.060154319999999997,0.01316811,0.25169045000000001
0.074818805000000002,-0.077213004000000002,0.23807344
0.089184015999999991,-0.080654669999999998,0.21083938999999999
0.036511577999999996,-0.058209027999999996,0.12150574
0.024690205,-0.024241292999999997,0.059406130000000001
0.0052373161999999997,0.075716629999999993,-0.060004679999999998
-0.015412673,0.24271220000000002,-0.082749600000000006
-0.065241999999999994,0.29912558,-0.050427872999999998
-0.063446340000000004,0.19497779999999998,0.010324995
-0.092476039999999995,0.15622166000000001,0.0079307930000000002
-0.055964465999999997,0.074818805000000002,0.00044891282000000002
-0.027682956000000002,0.023343466,0.0080804299999999996
-0.0035913024999999999,-0.119261175,0.049679685000000001
0.040402155000000002,-0.10848726,0.098162269999999996
0.06988076,-0.12180501000000001,0.098910460000000006
0.10070611,-0.06194997,0.10115502
0.08259996,0.10534488,0.054468087999999998
0.030226797000000003,0.18764554999999999,0.0089782560000000004
0.031723170000000002,0.097114809999999996,0.022146367
0.0038905777000000003,0.16684593,0.070180036000000001
-0.040402155000000002,0.023642741000000002,0.058508302999999998
-0.048781860000000003,0.012120646000000001,0.039803600000000001
-0.046088382999999997,-0.010324995,0.012719196
-0.044292733000000001,0.071377135999999994,-0.029179332999999998
-0.0053869536999999997,-0.028281507999999997,0.092476039999999995
0.042197804999999998,0.15771803000000001,0.12629414
0.096815534000000009,0.28670563999999998,0.101454295
0.12764086999999999,0.23089082999999999,0.12883797
0.17717093,0.122852474,0.20440496999999999
0.18106150000000001,0.092176764999999994,0.12614449999999999
0.17866729999999997,0.20305823000000001,0.083797060000000007
0.18360534000000001,-0.020799628000000001,0.089483289999999993
0.13123219,0.040551792999999996,0.019752163
0.079756839999999996,-0.052822075999999996,0.016909049999999998
0.030077159999999999,-0.056712652999999995,-0.026186582000000003
-0.0032920274,0.045340195,0.00014963760000000001
-0.029328969999999999,-0.020201078000000001,-0.08364742
-0.023792378999999999,0.10923545,-0.047285482000000004
-0.0071826049999999999,0.054168812999999996,-0.037259765
0.0088286190000000011,0.081702135999999995,-0.0016460137
0.021547815000000001,0.017956512000000001,0.012719196
0.041898530000000003,0.15053543,-0.025438392999999997
0.049978960000000003,0.18255788000000001,0.054617724999999999
0.050427872999999998,0.16460137,0.051924249999999998
0.022894553999999998,0.094720600000000002,0.061201779999999997
0.0073322426000000003,0.12315175,0.046387657999999998
-0.100855745,0.031872810000000001,0.051176060000000002
-0.16594811000000001,-0.044741644999999997,-0.031723170000000002
-0.13721769,0.024091655,-0.059406130000000001
-0.118213706,0.062847790000000001,-0.097713359999999999
-0.098461545999999997,0.030675709999999998,-0.02813187
-0.058657939999999999,0.16355391,-0.04833295
-0.015412673,0.079756839999999996,-0.010025719000000001
0.077512280000000003,-0.01316811,0.022445641000000002
0.09636662,-0.0043394905999999999,0.027682956000000002
0.069581489999999996,0.038756140000000001,-0.0058358666000000005
0.024091655,0.050727148,0.0071826049999999999
0.0035913024999999999,0.04833295,-0.020201078000000001
0.020350714999999998,-0.010324995,0.0023942017000000001
0.017806875,0.0016460137,-0.024989480000000001
0.052223525999999999,0.095019880000000001,-0.022445641000000002
0.057909753000000001,0.050727148,-0.011671733
0.061052144000000003,0.057909753000000001,-0.021098902000000003
0.083348149999999996,-0.0079307930000000002,-0.000748188
0.066139824999999999,0.049530048,0.0074818805000000004
0.059855044000000003,0.0076315180000000003,-0.00089782564000000004
0.0094271690000000009,0.056712652999999995,-0.014065935
-0.0019452889000000002,0.058657939999999999,-0.0044891280000000002
-0.01436521,0.11566986999999999,-0.051774614000000004
-0.021398177000000001,0.074968439999999997,-0.0098760819999999996
-0.0034416649,0.043843817,0.00089782564000000004
0.01316811,0.0055365916000000006,0.024690205
0.00029927520000000001,0.043245267000000004,-0.0040402149999999998
-0.033369187000000002,0.048632222999999995,-0.00044891282000000002
-0.026785132000000003,0.073023155000000006,-0.0022445640000000001
-0.027084406000000002,0.093673140000000002,0.00029927520000000001
-0.03561375,0.034267011999999999,0.022894553999999998
-0.12734160000000003,0.020051438000000001,-0.0043394905999999999
-0.16101007000000001,0.085891984000000005,-0.0080804299999999996
-0.17283143000000001,0.19243397000000001,-0.082450319999999994
-0.08828619,0.047734394999999999,-0.031423896999999999
0.0082300689999999996,-0.027533319000000001,0.026785132000000003
0.11207857,-0.096067349999999996,0.062548519999999996
0.10729016,0.17747020000000002,-0.043843817
0.073023155000000006,0.15068507,0.044891282999999997
0.058059390000000002,0.15158289999999999,0.076764089999999993
0.029478607999999996,0.19108722,0.027832596000000001
0.0085293439999999995,0.095768064,0.04249708
-0.053121349999999998,0.17402852999999999,0.023343466
-0.063296704999999995,0.23837270999999999,-0.0076315180000000003
-0.032321719999999998,0.15726912000000001,0.026785132000000003
0.03321955,0.11851298,0.048781860000000003
0.093822779999999995,0.071526770000000003,0.087538000000000005
0.079906480000000002,0.083348149999999996,0.073621704999999996
0.099359370000000002,0.064044889999999993,0.092476039999999995
0.12659340999999999,-0.019901800000000001,0.13257891999999999
0.107140526,0.041150342999999999,0.068833300000000014
0.049530048,-0.063296704999999995,0.043245267000000004
0.015412673,-0.053869538000000002,-0.028880057999999997
-0.097264450000000002,0.009127894000000001,-0.059705405999999996
-0.16250645,-0.051325697000000003,-0.114173494
-0.16729484,0.034865562000000003,-0.084844520000000007
-0.17462707999999999,0.044592007999999995,-0.10220248
-0.068833300000000014,0.074070620000000004,-0.022296003999999998
-0.040252518000000001,0.058059390000000002,-0.0034416649
0.013018472,0.063745620000000003,-0.029478607999999996
0.03561375,0.13078327000000001,-0.023193828999999999
0.053121349999999998,0.14634559,-0.039803600000000001
0.028431145000000001,0.078559740000000003,-0.028281507999999997
-0.0053869536999999997,-0.040701429999999997,0.012868833999999999
-0.13437457,0.072125320000000007,-0.057011930000000002
-0.15981296,0.068534023999999999,-0.068534023999999999
-0.059855044000000003,0.18719664,-0.093074589999999999
0.0043394905999999999,0.088585466000000002,-0.068833300000000014
0.098760819999999999,0.051026423000000001,-0.0028431145000000001
0.12599485999999999,-0.0010474633000000001,0.037708677000000003
0.13602059,-0.041748892999999995,0.030526072000000001
0.095917710000000003,0.010923545,-0.016160859999999999
0.068534023999999999,-0.086191260000000006,0.023193828999999999
-0.000748188,-0.0064344169999999996,-0.033818099999999997
-0.031124622000000001,0.16280571999999999,-0.067336924000000006
-0.069731124000000005,0.1575684,-0.06419453
-0.047884032,0.120458275,-0.036511577999999996
-0.049978960000000003,0.027084406000000002,0.024390930000000002
-0.045938745000000003,0.13736731999999999,-0.0025438394000000001
-0.0047884034000000002,0.14006079999999999,0.0035913024999999999
0.063446340000000004,0.22086509999999998,-0.0083797059999999989
0.052073889999999998,0.24465749000000001,-0.030526072000000001
0.031872810000000001,0.12644377000000001,0.016310499999999999
0.0049380409999999998,0.0011971008,0.079906480000000002
-0.062548519999999996,0.17043723,-0.039504326999999999
-0.057311202999999998,0.076614453999999999,-0.088884740000000004
-0.026036943999999999,-0.38322191999999999,-0.034566287000000001
0.089034379999999996,-0.35134910000000003,0.0079307930000000002
0.15607202000000001,-0.13332711,-0.024241292999999997
0.12659340999999999,0.086041619999999999,-0.033069912
0.13422493999999999,0.043095630000000003,-0.015113398
0.02873042,0.36706105,-0.12240355999999999
-0.019153613999999999,0.79173254999999998,-0.15921440000000001
-0.22819734999999999,0.49305590000000005,-0.00089782564000000004
-0.25378537000000001,0.17986440000000001,0.061052144000000003
-0.22325930999999999,-0.23537995,0.20949265
-0.14859015,-0.20964229000000001,0.053570263
-0.088435830000000007,-0.29149406999999999,0.06778584
-0.029328969999999999,-0.11791443,-0.057909753000000001
0.096665899999999999,-0.23597849999999998,0.00059855040000000002
0.15517420000000001,-0.053270989999999997,0.0058358666000000005
0.16220717000000001,-0.061501055999999998,0.045190557999999999
0.18270752000000001,-0.000748188,0.078260469999999999
0.13078327000000001,-0.063745620000000003,0.095768064
0.068833300000000014,0.076464820000000003,0.052971712999999997
-0.065541274999999996,0.22894554,-0.078260469999999999
-0.17597382,0.10639234,-0.042048167000000004
-0.19273324,0.029478607999999996,-0.043694179999999999
-0.18450316999999999,0.027682956000000002,-0.0095768069999999997
-0.19497779999999998,-0.04249708,0.0070329676000000004
-0.14395137,0.11447277,-0.033369187000000002
-0.041599255000000002,0.12180501000000001,-0.014963761000000001
0.077362639999999996,0.039354689999999998,0.053570263
0.13153145999999999,0.32112229999999997,0.0097264440000000008
0.12988543999999999,0.086640170000000002,0.073621704999999996
0.043394904999999998,0.18450316999999999,0.046686932
-0.08364742,0.094870239999999995,-0.00059855040000000002
-0.15801730999999999,0.11566986999999999,-0.106093064
-0.19393034000000001,-0.019452888999999998,-0.068234749999999997
-0.16220717000000001,0.026934769000000001,-0.12988543999999999
-0.094122049999999999,0.021547815000000001,-0.064643439999999996
0.0032920274,0.082749600000000006,-0.037708677000000003
0.100855745,0.022894553999999998,0.044592007999999995
0.16415246,0.16295535999999999,0.053270989999999997
0.13572131000000001,0.15098434999999999,0.022445641000000002
0.11851298,0.21263504,0.014814123
0.11192893,0.10968435999999999,0.057760115999999993
0.079008653999999998,0.045340195,0.074070620000000004
0.010923545,0.02633622,0.092476039999999995
-0.063745620000000003,0.12345102400000001,0.017507599999999998
-0.10414778,0.14888941999999999,-0.037409402000000001
-0.090530749999999993,0.19407998000000001,-0.109534726
-0.042197804999999998,0.18555062999999999,-0.076614453999999999
-0.0071826049999999999,0.0134673845,-0.034715924000000002
0.028880057999999997,-0.0089782560000000004,-0.037259765
0.063745620000000003,-0.036810852999999998,-0.0088286190000000011
0.093972415000000004,-0.063595979999999996,-0.013617021999999999
0.061501055999999998,0.045789107999999995,-0.070030399999999993
0.085742349999999995,0.036661214999999997,-0.054617724999999999
0.08259996,0.0044891280000000002,-0.009127894000000001
0.077362639999999996,-0.012270283999999999,0.031423896999999999
0.039354689999999998,0.011522096000000001,0.011821371000000001
0.0022445640000000001,0.052971712999999997,0.024839842999999997
-0.041150342999999999,0.095468789999999998,0.0026934769000000001
-0.14544774999999999,0.16190789999999999,0.0083797059999999989
-0.21368249999999997,0.27189152999999999,-0.0061351419999999997
-0.19886838000000001,0.21113867,0.024390930000000002
-0.100855745,0.13661914,0.015562311000000001
-0.0013467384,0.039653964,0.032022446000000003
0.086640170000000002,-0.0053869536999999997,0.01062427
0.14888941999999999,-0.016909049999999998,-0.030974984000000001
0.14589667000000001,-0.061052144000000003,0.013916298000000001
0.13617022000000001,-0.073023155000000006,-0.0095768069999999997
0.11507132,-0.15442601,0.013317747
0.078410104000000008,-0.083048869999999997,0.021398177000000001
0.031423896999999999,-0.029179332999999998,0.033369187000000002
-0.010474632500000001,0.056862290000000003,-0.019153613999999999
-0.024390930000000002,0.10833762599999999,-0.030376434000000001
-0.021547815000000001,0.073621704999999996,0.031423896999999999
-0.023642741000000002,0.095169514000000011,0.044741644999999997
0.0062847793999999992,0.12764086999999999,0.038905777000000002
0.030675709999999998,0.16998832,0.017208325
-0.0086789810000000005,0.12419921,0.010773906999999999
-0.014514848,0.13976152,0.00059855040000000002
-0.035763387000000001,0.038157589999999998,0.00044891282000000002
-0.085891984000000005,0.080505036000000002,-0.068085110000000004
-0.098611180000000007,0.035164837000000004,-0.038007952000000005
-0.10504560000000002,-0.021098902000000003,-0.023493104000000001
-0.07586627,-0.022296003999999998,-0.0067336923
-0.011821371000000001,0.032321719999999998,0.012419921
0.019452888999999998,0.025737667000000002,0.013916298000000001
0.056413379999999999,0.087388359999999998,0.013317747
0.066738375000000003,0.098162269999999996,0.0023942017000000001
0.018854338999999998,0.095768064,-0.0095768069999999997
0.0020949264999999997,0.094570965000000007,-0.01316811
-0.019303251,0.034715924000000002,-0.0071826049999999999
-0.039504326999999999,0.049081135999999997,-0.0011971008
-0.014814123,0.065241999999999994,0.0052373161999999997
-0.019901800000000001,0.13766660000000003,0.023193828999999999
0.019452888999999998,0.107739076,0.02064999
0.024241292999999997,0.11372458000000001,0.018106150000000001
0.012120646000000001,0.062249242999999996,0.024989480000000001
0.022744916,0.10295066999999999,0.0080804299999999996
-0.047584757000000005,0.015412673,0.040252518000000001
-0.084694884999999998,0.045489833,0.11866262
-0.048632222999999995,0.27278935999999998,-0.005985504
-0.0053869536999999997,0.36571429999999999,-0.069581489999999996
0.074669170000000007,0.27338790000000002,-0.050128597999999996
0.107140526,0.098461545999999997,-0.036810852999999998
0.13602059,-0.13811551,-0.040851067999999997
0.022744916,-0.12838906,-0.096067349999999996
-0.069282209999999997,-0.17657238,-0.112377845
-0.11881226,-0.10100538000000001,-0.14873977999999999
-0.15098434999999999,-0.098611180000000007,-0.19572598999999999
-0.17507600000000001,0.005985504,-0.16280571999999999
-0.13123219,-0.12569559,-0.12135610000000001
-0.12644377000000001,-0.13347675000000001,-0.046387657999999998
-0.0088286190000000011,-0.15053543,0.046686932
0.096665899999999999,0.00029927520000000001,0.085742349999999995
0.073920979999999997,0.1830068,0.042347441999999999
-0.046537294999999999,0.34237084000000001,0.0017956513
-0.10399814,0.27742812,-0.0019452889000000002
-0.10010756,0.22176293,0.020799628000000001
-0.060303955999999999,0.15816694000000001,0.045489833
-0.013766658999999999,0.095019880000000001,0.040402155000000002
0.014065935,0.082450319999999994,0.030825347000000003
0.048632222999999995,0.043394904999999998,0.014963761000000001
0.093523499999999996,-0.010474632500000001,0.024390930000000002
0.091877490000000006,0.0050876790000000003,0.024241292999999997
0.12404957400000001,-0.041748892999999995,0.030376434000000001
0.10519524,-0.081702135999999995,0.025588030000000001
0.053121349999999998,0.032620999999999997,-0.059855044000000003
0.05626374,-0.054468087999999998,-0.013766658999999999
-0.041748892999999995,0.038905777000000002,-0.052522800000000008
-0.091278940000000003,-0.018555064,-0.047884032
-0.12719195999999999,-0.10534488,0.064643439999999996
-0.098760819999999999,0.15562311000000001,0.032620999999999997
-0.089034379999999996,0.44936174000000001,-0.055066638000000001
-0.070628949999999996,0.29254152999999999,-0.0080804299999999996
-0.12734160000000003,0.32336688000000002,0.0032920274
-0.10654197999999999,0.13003507,0.0035913024999999999
-0.068085110000000004,0.087837269999999995,0.0097264440000000008
0.016160859999999999,0.089034379999999996,-0.048781860000000003
0.066588739999999993,0.018255788999999998,-0.0088286190000000011
0.062249242999999996,0.093373865,-0.033818099999999997
0.053121349999999998,0.15188217000000001,-0.053121349999999998
0.065840549999999998,0.033518825000000002,-0.017357962000000001
0.037559040000000002,0.088585466000000002,-0.054168812999999996
0.095019880000000001,-0.032022446000000003,0.014215573
0.047135845000000003,0.046088382999999997,-0.056114104000000005
0.0023942017000000001,-0.078260469999999999,-0.043843817
-0.025887307000000002,-0.09172785,-0.029328969999999999
-0.054916999999999994,-0.024241292999999997,-0.054916999999999994
-0.033518825000000002,-0.068534023999999999,-0.04818331
-0.031124622000000001,-0.029328969999999999,-0.031723170000000002
-0.014065935,0.038307226999999999,-0.038307226999999999
-0.010773906999999999,0.062847790000000001,-0.060603230000000001
-0.043993454000000001,0.052522800000000008,-0.041748892999999995
-0.052971712999999997,0.027682956000000002,-0.0061351419999999997
-0.044891282999999997,0.068683659999999994,-0.013317747
-0.110133275,0.11566986999999999,-0.030226797000000003
-0.10534488,0.074070620000000004,-0.030226797000000003
-0.14709377000000001,0.17627311000000001,-0.093074589999999999
-0.16669629999999999,0.16280571999999999,-0.07347207
-0.08259996,0.020201078000000001,0.0038905777000000003
0.025438392999999997,-0.013617021999999999,0.060902505999999995
0.086939450000000001,0.0098760819999999996,0.051176060000000002
0.063446340000000004,0.20365678000000001,-0.059256490000000002
0.043694179999999999,0.15098434999999999,-0.0010474633000000001
0.017208325,0.13691840999999999,0.030077159999999999
0.02184709,0.069282209999999997,0.018854338999999998
0.039803600000000001,0.098611180000000007,-0.0062847793999999992
0.043993454000000001,0.03561375,-0.0034416649
0.087837269999999995,0.12539631000000001,-0.0011971008
0.0074818805000000004,0.20395605,-0.045190557999999999
-0.19812019,0.13213000999999999,-0.113574944
-0.19467852999999999,0.065690910000000005,-0.15592238
-0.058059390000000002,0.07347207,-0.09172785
0.068982940000000006,-0.051924249999999998,-0.0037409402000000004
0.13422493999999999,-0.111779295,0.068683659999999994
0.11162966000000001,-0.094570965000000007,0.082749600000000006
0.15487492,-0.0062847793999999992,0.085592710000000002
0.117615156,0.093822779999999995,0.0055365916000000006
0.15382746,0.051624972000000005,0.0041898529999999995
0.10998363999999999,-0.61979896000000001,0.14574703999999999
0.11402386,0.33429041999999998,0.026785132000000003
0.15158289999999999,0.64119714000000005,0.19198506000000001
0.37289690000000003,0.023343466,0.32127192999999998
0.28221652000000003,0.21517887999999999,0.21413140999999999
0.32142156,0.059256490000000002,0.11776478999999999
0.31199440000000006,0.16879121999999999,0.13482348999999999
0.34985270000000002,0.047135845000000003,0.098311910000000002
0.39923312999999999,-0.15696984999999999,0.058957215
0.45325231999999999,-0.067636199999999994,0.12375029999999999
0.049978960000000003,-0.18330606999999999,-0.17043723
-0.46118310000000001,0.16774375999999999,-0.35269584999999998
-0.28640637000000002,-0.53061499999999995,-0.11746552
-0.036212300000000003,-0.62907650000000004,-0.098162269999999996
-0.050577509999999999,0.32755673000000002,-0.1587655
-0.0050876790000000003,0.89857380000000009,-0.39115270000000002
-0.10025719599999999,-0.21727379999999999,0.23657705000000001
0.20530279000000001,-0.40895956999999999,0.24959551999999999
0.16130934999999999,0.50861824,0.21248539999999999
0.22714988999999999,-0.06793547400000001,0.37319617999999999
-0.12838906,-0.071526770000000003,0.30930092999999997
-0.23148937999999999,-0.036661214999999997,0.20021512
-0.17163433,-0.25019406999999999,0.091877490000000006
-0.54138887000000002,-0.29104512999999999,-0.053570263
-0.38845923999999998,-0.036361935999999997,-0.10474633
0.10654197999999999,0.35868135000000001,0.069431850000000003
0.37364509999999995,0.093373865,0.16759412000000001
0.32381579999999999,0.22819734999999999,0.13706805
-0.038606502000000001,0.66469025999999998,0.0061351419999999997
0.042646717000000001,-0.40940848000000002,0.33518824000000003
-0.19991584000000001,0.013617021999999999,-0.00044891282000000002
-0.34341830000000001,0.24944589,-0.026186582000000003
-0.32321724000000002,0.045639470000000001,-0.053570263
-0.25558101999999999,-0.0049380409999999998,0.016609775
-0.17941550000000001,0.0058358666000000005,0.046986207000000002
-0.089782565999999994,-0.055365912999999996,0.092775314999999997
0.017357962000000001,0.016460137,0.11552023
0.071676409999999996,0.055515549999999997,0.13362639000000001
0.072125320000000007,0.052971712999999997,0.17402852999999999
0.05626374,0.10654197999999999,0.14589667000000001
0.029029695000000001,0.24361002000000001,0.11402386
0.011522096000000001,0.060603230000000001,0.13856441999999999
-0.018854338999999998,-0.025588030000000001,0.14006079999999999
-0.046686932,0.056563015999999994,0.070030399999999993
-0.056862290000000003,0.091578215000000004,0.0097264440000000008
-0.014215573,0.081851770000000004,0.055216275000000002
0.025588030000000001,0.099509009999999995,0.10968435999999999
0.029628245000000001,0.103249945,0.035314473999999998
0.33608606000000002,0.51849430000000007,0.13407529999999998
-0.45040920000000007,0.46028528000000002,0.12180501000000001
-0.092775314999999997,-0.04129998,-0.030077159999999999
-0.021547815000000001,-0.089782565999999994,0.21667525000000001
-0.054767362999999999,0.68204819999999999,0.024091655
0.2605191,1.8623897,0.16041150000000001
0.30271688000000002,1.6374843000000001,0.42706572999999998
0.30166942000000002,1.283741,0.60019639999999996
0.11192893,1.7962499000000001,0.64433956000000003
0.088884740000000004,0.95349085,0.77452430000000005
0.070329669999999997,0.20051438999999999,0.53091425000000003
-0.18151042000000001,-0.16684593,0.38067805999999998
-0.112377845,0.34865559999999995,0.28775309999999998
0.13901334000000001,-0.79607207000000002,0.51834464000000002
-0.032471359999999998,0.030675709999999998,0.017507599999999998
-0.019003976000000002,0.62847792999999996,0.019602526000000002
0.35419223,-0.85068977000000001,0.17073650000000001
0.51460373000000004,-0.61231709999999995,-0.06419453
-0.42960957,-0.1189619,-0.093972415000000004
-0.83243400000000001,-1.0440216,-0.10639234
-0.069132574000000002,-0.52253455000000004,-0.14948797
0.41225159999999994,-1.1664251000000001,-0.0058358666000000005
0.42601826999999998,0.21577742999999999,-0.34820669999999998
0.21877018000000001,0.28939912000000001,0.0097264440000000008
0.51086277000000002,-1.8219875000000001,0.19991584000000001
0.13542203999999999,-0.98775785999999999,-0.096216984000000005
-0.031872810000000001,-0.47180736000000001,-0.27503391999999999
0.13392566,-0.6931214,-0.27877486000000001
0.10100538000000001,-0.36496612,-0.25139117
0.105494514,-0.25378537000000001,-0.22266077000000001
0.071227499999999999,-0.33174658000000001,-0.25094225999999997
0.062997429999999993,-0.14888941999999999,-0.15487492
-0.038007952000000005,-0.24091655000000001,-0.13572131000000001
0.24779987000000001,-0.21338323000000001,-0.21802199
-0.17896657999999999,0.71766200000000002,-0.12300211
-0.52268415999999995,-0.27338790000000002,-0.28042086999999999
0.068833300000000014,-1.1751041000000002,0.066888009999999998
-0.098760819999999999,0.56712649999999998,-0.36511576000000001
0.015711948,0.21083938999999999,-0.034117374999999998
0.10265139500000001,-0.18405426,-0.037259765
-0.073920979999999997,0.3971382,-0.20934301999999999
0.086939450000000001,-0.018106150000000001,-0.032920274999999999
0.13302784000000001,-0.31139584999999997,0.058358665999999997
0.061351419999999997,0.04818331,-0.033518825000000002
0.21921909000000001,-0.028281507999999997,-0.010025719000000001
0.19632453999999999,-0.15771803000000001,-0.048482585999999994
-0.114173494,-0.14933832999999999,-0.11671732999999999
-0.31693243999999998,-0.13646949999999999,-0.0088286190000000011
-0.18599953999999999,0.23358429999999999,0.032321719999999998
0.22580315000000001,0.26830024000000002,-0.0023942017000000001
0.54378307000000004,0.12135610000000001,0.12375029999999999
0.39384617999999999,-0.043394904999999998,0.124648124
0.27398645999999999,-0.22984336,0.044741644999999997
0.15203180999999999,0.21502924000000001,-0.12090719
-0.068085110000000004,0.75148004000000002,-0.24316111000000001
0.029478607999999996,-0.32875383000000002,0.17672202000000001
0.17058687,-0.40686464,0.14350246
0.050577509999999999,0.86161332999999996,0.030226797000000003
0.2287959,0.50457799999999997,0.21936873000000001
0.26216509999999998,0.88720136999999999,0.35359368000000002
0.24854805999999999,2.4666264,0.57311199999999995
0.47809215999999999,3.8012440000000001,1.276708
0.37394437000000003,5.5074120000000004,1.4181156000000001
0.71930795999999997,7.1178119999999998,2.3401825000000001
1.2720693000000001,7.4322004000000002,3.5024177999999999
1.1209353000000002,6.2846299999999999,4.1088990000000001
0.3564368,3.9389107000000005,3.8750154999999999
0.15068507,1.9211971999999997,3.135656
0.45819035000000002,-1.0494086,2.7244517999999998
0.16519992,-3.3385646000000002,1.3934253000000001
0.045489833,-4.9486650000000001,0.15652093
0.071975685999999997,-7.7787614000000005,0.17776948000000001
-1.8749592000000002,-9.5206929999999996,-2.7350762000000004
-2.007987,-9.7054949999999991,-2.8188732000000005
-0.53270990000000007,-7.7344685000000002,-1.5571288999999999
0.22266077000000001,-6.0651115999999998,-0.69820905
0.78918874000000006,-5.0549080000000002,0.31723170000000001
0.88929629999999993,-3.4457052000000004,0.35658643000000001
1.07769,-2.2453122000000003,0.38307226
1.1453263,-1.4568716999999998,0.73337390000000002
0.65631055999999999,-1.7194858,0.98820673999999997
0.037110127999999999,-1.4329298000000001,0.71377139999999994
0.26411040000000002,-1.3590088,0.66199680000000005
0.83378076999999995,-1.5188216999999999,0.99628717
0.12195465,-2.0049943999999997,1.4788684999999999
-0.37424364999999998,-1.4674959999999999,0.80355394000000002
-0.32815527999999999,0.49335518,0.7396587
0.56577980000000005,5.2268414000000005,0.033369187000000002
0.35389294999999998,3.4051532999999994,2.1767783000000001
0.96606039999999993,-0.044442370000000002,2.4123076999999999
1.4030021000000001,4.3988967000000008,3.6352959999999999
0.68399350000000003,3.8637927000000003,2.3083098
0.76973590000000003,2.5824458999999997,1.6615759999999999
0.18540100000000001,4.0065470000000003,1.0953473
0.017806875,2.9264627000000001,0.79397713999999997
-0.073920979999999997,1.4972738999999999,0.78649526999999997
-0.47928925999999999,1.3157635000000001,0.39459437000000003
-0.75956047000000004,0.97593649999999998,0.065241999999999994
-0.87762459999999987,0.67067575000000001,-0.14350246
-0.79517424000000003,0.39968204000000002,-0.20380641999999999
-0.55530519999999994,0.13048399999999999,0.0061351419999999997
-0.58523269999999994,-0.69147539999999996,0.23822308
-0.30645781999999999,-1.2331635000000001,0.14649522000000001
-0.20066402999999999,-1.0154408000000001,-0.16549920000000001
0.099209729999999996,0.7751228,-0.42332479999999995
-0.04833295,-1.1854291000000001,0.19916765
-0.19797055,-1.089661,-0.22355859
-0.16564883,1.0348936,-0.40192659999999997
-0.18435352999999999,-0.055365912999999996,-0.022296003999999998
0.055216275000000002,-0.97967739999999992,0.25902268000000001
0.052073889999999998,0.50098670000000001,-0.14200608000000001
0.48751931999999998,0.077661919999999995,0.038307226999999999
-0.25872339999999999,-0.13706805,0.099808279999999999
-1.0093056,0.36646250000000002,-0.21263504
-0.70524204000000001,0.38830959999999998,-0.15696984999999999
-0.12689269,0.33683425,-0.019452888999999998
0.39878422000000002,0.33473933,-0.050727148
0.79786769999999996,-0.32216978000000002,0.42003277
1.0856208999999999,-0.28685527999999999,0.27129298000000002
0.72379709999999997,0.92730427000000004,-0.047435119999999997
0.63042324999999999,0.61126959999999997,0.065241999999999994
0.54812250000000007,0.79577280000000006,-0.029328969999999999
0.5422866999999999,0.0085293439999999995,0.30810383000000002
0.63386490000000006,-0.39130235000000002,0.21622633999999999
0.33309332000000003,0.41793784,-0.075118080000000004
0.18510172,-0.22849663000000001,0.0077811554000000007
-0.043843817,-0.14679449999999999,-0.19048867
-0.10923545,0.17881694000000001,-0.16744448000000001
0.015263036000000001,0.0077811554000000007,-0.075267719999999996
0.054468087999999998,0.10998363999999999,-0.017507599999999998
0.068683659999999994,0.076165540000000004,0.025438392999999997
0.20006547999999999,0.95139590000000007,-0.018555064
-0.51445406999999999,0.65945290000000001,-0.031274259999999998
-0.17702129999999999,-1.3631986,0.49111062
-0.3764882,-0.76509709999999997,-0.021996727000000001
-0.59495914000000005,1.0057142999999999,-0.86221190000000003
-0.30301615999999998,-1.0037690000000001,0.00059855040000000002
0.40402153000000002,-1.2856863000000001,0.14514847
0.43305123000000001,0.66214640000000002,-0.21009120000000003
0.53166239999999998,-0.16265608000000001,0.089184015999999991
0.23388357000000001,0.028880057999999997,0.16400281999999999
0.30526071999999999,-0.030974984000000001,0.10863689999999999
0.5969044,0.13377602,0.13138182000000001
0.51220953000000002,0.97518826000000003,0.19797055
0.037409402000000001,0.65765726999999996,0.22011691
-0.76015900000000003,0.17088613999999999,0.22505496
-0.77287819999999996,0.34715923999999998,0.104297414
-0.31738135000000001,0.38067805999999998,0.10983399999999999
-0.0079307930000000002,0.27772740000000001,0.0053869536999999997
-0.030077159999999999,0.64852940000000003,-0.13617022000000001
0.27682957000000002,-0.58987146999999995,0.28580781999999999
0.31349078000000002,-0.36541504000000002,0.038905777000000002
0.0011971008,0.16250645,-0.12928688999999999
0.0076315180000000003,-0.71047939999999998,0.052073889999999998
-0.24091655000000001,-0.38920742000000003,-0.26351184
-0.41853640000000003,0.53764790000000007,-0.44158056000000001
-0.16415246,0.34521394999999999,-0.14754269
0.080355389999999999,0.085293435000000001,0.084844520000000007
0.20051438999999999,0.26919806000000002,0.18166006000000001
0.25797522000000001,0.38860887,0.14814124000000001
0.32875383000000002,0.21098902999999999,0.28954875000000002
0.67935469999999998,0.63910219999999995,0.20694882000000001
-0.41509473000000002,0.76823950000000008,-0.18225859999999999
-0.15098434999999999,-0.72319853000000001,0.32037409999999999
0.0026934769000000001,-0.37888240000000001,0.038606502000000001
0.26096799999999998,1.0446202,-0.54303484999999996
0.20919338000000001,-0.057460839999999999,0.1985691
0.43335050000000003,-0.72993224999999995,0.27114335000000001
0.082450319999999994,0.31618425,0.043544541999999999
-0.37005379999999999,-0.24420857000000001,-0.042945992000000002
-0.027533319000000001,0.62832830000000006,-0.36661213999999998
0.33219549999999998,0.13527239999999999,0.19871874
0.43275195,-0.096815534000000009,0.42916064999999998
-0.25513209999999997,0.26351184,0.064643439999999996
-0.53974280000000008,-0.21697453,0.015711948
-0.40312370000000003,0.051475334999999997,-0.069282209999999997
-0.0028431145000000001,0.098162269999999996,-0.24106619000000001
-0.23448211999999999,0.54303484999999996,-0.17462707999999999
0.46851534,-0.52986675999999999,0.27593174999999998
0.40746320000000003,-0.17552490000000001,0.22550387999999999
0.22026655000000001,-0.058508302999999998,0.27503391999999999
-0.086490534000000008,0.21891980999999999,-0.074818805000000002
-0.30780455000000001,0.47195699999999996,-0.083198510000000003
-0.27922376999999998,0.093822779999999995,-0.16220717000000001
-0.25079262000000002,0.10878654,-0.13033436000000001
-0.12928688999999999,0.0022445640000000001,-0.045040919999999998
-0.059106853000000001,-0.094570965000000007,-0.047135845000000003
-0.012868833999999999,0.070180036000000001,-0.07347207
0.084844520000000007,0.069581489999999996,-0.064643439999999996
0.2045546,0.047734394999999999,-0.061052144000000003
0.20171148999999999,0.11971009000000001,-0.081851770000000004
0.19901801999999999,0.13946225000000001,-0.12000936
0.22131401000000001,0.40581718,-0.24675241000000001
0.13602059,0.4285621,-0.096067349999999996
0.11776478999999999,-0.21682488999999999,0.19437926
-0.19886838000000001,0.30660746,-0.032471359999999998
-0.32650927000000002,0.63087212999999998,-0.092924950000000006
-0.34132338000000001,0.36092590000000002,-0.23148937999999999
-0.26889879999999999,-0.44756610000000002,-0.066588739999999993
0.072873519999999997,-0.62892690000000007,0.22984336
0.33683425,-0.24136546,0.44412440000000009
0.42706572999999998,-0.19916765,0.24465749000000001
0.30720599999999998,-0.51550156000000003,0.15173253
0.15816694000000001,-0.64643450000000002,0.107739076
-0.075417355000000005,-0.35823243999999999,-0.058209027999999996
-0.0055365916000000006,-0.68608844000000002,-0.065990190000000004
0.021098902000000003,-0.25647884999999998,-0.096516260000000006
0.14110826000000001,-0.24615386,-0.0071826049999999999
0.25213935999999998,-0.13886370000000001,-0.03441665
0.13317746999999999,0.37603930000000002,-0.12629414
0.06419453,0.85308397000000002,0.086939450000000001
0.27772740000000001,0.75447280000000005,0.20425533000000001
0.43110594000000002,0.72918402999999998,0.26021978000000001
0.21832125999999999,1.039682,0.14290391
0.24136546,0.75566990000000001,0.0044891280000000002
-0.071227499999999999,0.42497079999999998,-0.13437457
-0.17522562999999999,0.038157589999999998,-0.015263036000000001
-0.28670563999999998,-0.50098670000000001,-0.039504326999999999
-0.25767594999999999,-0.17567453999999999,-0.27847558
0.097563720000000007,0.087986910000000002,-0.13497312
0.26680386,-0.50981533999999995,0.14978725000000001
-0.011971008,-0.37005379999999999,-0.15517420000000001
-0.33967735999999998,0.2287959,-0.33937810000000002
-0.038007952000000005,0.015263036000000001,0.0089782560000000004
-0.11566986999999999,-0.046686932,0.047884032
-0.31738135000000001,0.18794483000000001,0.023493104000000001
-0.39249945000000003,0.32860420000000001,0.038456865
-0.24271220000000002,0.34296940000000004,0.13452421000000001
-0.036511577999999996,-0.163105,0.41928458000000002
-0.0019452889000000002,0.18854338000000001,0.23283611000000001
0.13542203999999999,0.27114335000000001,0.22714988999999999
0.29224225999999998,0.063446340000000004,0.25857376999999998
0.31992520000000002,0.23942018000000001,0.18405426
0.28895019999999999,0.25498247000000002,0.19572598999999999
0.19303252000000001,0.43185413,-0.051475334999999997
0.089782565999999994,0.12105682500000001,0.17747020000000002
-0.14170680999999999,-0.036661214999999997,0.16579847
-0.035015199999999996,0.29628247000000002,0.025438392999999997
-0.14425065000000001,-0.096815534000000009,-0.0068833296999999995
-0.18704699999999999,0.032770637000000005,-0.110133275
-0.12868834000000001,-0.21443069000000001,-0.019752163
-0.063745620000000003,-0.28984802999999998,-0.048482585999999994
-0.022296003999999998,-0.10265139500000001,-0.080804310000000004
-0.11581951,0.045639470000000001,-0.122852474
0.0065840550000000001,-0.23133973999999999,0.067037650000000004
-0.038307226999999999,-0.098760819999999999,0.022744916
0.19273324,0.47494975,-0.18749592000000001
-0.044292733000000001,0.33937810000000002,0.0067336923
0.22729953,-0.40132805999999999,0.093673140000000002
0.088435830000000007,0.25169045000000001,-0.058209027999999996
0.07796119,0.20724809,-0.025139117999999998
0.079008653999999998,-0.18225859999999999,0.042796355000000001
-0.0074818805000000004,0.11492168,-0.053719900000000008
-0.057760115999999993,0.036661214999999997,-0.080505036000000002
-0.038456865,-0.087538000000000005,-0.034267011999999999
-0.112377845,0.080056115999999997,-0.082300684999999998
-0.03441665,0.13108254999999999,-0.055066638000000001
0.09636662,0.014664485,0.0062847793999999992
0.1690905,-0.096815534000000009,0.011222821000000001
0.20305823000000001,-0.035164837000000004,-0.013617021999999999
0.16669629999999999,0.019602526000000002,-0.097713359999999999
0.14589667000000001,-0.060603230000000001,-0.11492168
0.13422493999999999,-0.32052374,-0.098311910000000002
0.075267719999999996,-0.40611646000000001,-0.13781624000000001
0.0025438394000000001,-0.103249945,-0.13153145999999999
0.024540567999999999,0.104297414,-0.054916999999999994
0.13587094999999999,0.20754737000000001,0.10998363999999999
0.13736731999999999,0.25887304999999999,0.15457565000000001
0.057161565999999997,0.31393969999999999,0.068234749999999997
0.077063370000000006,0.31783025999999998,0.13871406
0.016460137,0.34057520000000002,0.068982940000000006
0.018555064,0.10908581000000001,0.067187289999999997
-0.04249708,0.094271690000000005,-0.0044891280000000002
-0.052073889999999998,0.13198037000000001,0.038007952000000005
-0.021398177000000001,-0.058957215,0.032471359999999998
-0.12000936,-0.026934769000000001,-0.022894553999999998
-0.15637129999999999,-0.014963761000000001,0.005985504
-0.22161328999999999,-0.065241999999999994,0.082151050000000003
-0.15741875999999999,0.017956512000000001,0.13437457
0.052373163,0.020949265000000002,0.073322429999999994
0.70778590000000008,0.67262100000000002,-0.3878607
0.44053310000000001,1.3690343999999999,-0.19422961999999999
0.36795886999999999,-1.2503718000000001,0.6274305
-0.19557635000000001,-0.70434419999999986,0.119261175
-0.44143093,0.80310506000000004,-0.27533320000000006
-0.103698865,0.50981533999999995,-0.23193828999999999
0.00029927520000000001,0.039504326999999999,0.12210429
0.11387422,-0.35793315999999997,0.15921440000000001
0.20769699999999999,-0.082899235000000002,0.071526770000000003
0.1436521,0.20021512,-0.107140526
-0.088435830000000007,0.19123685000000001,-0.087837269999999995
-0.07796119,0.12719195999999999,-0.14440027999999999
-0.098012630000000003,0.53854569999999991,-0.27563247000000002
-0.106093064,-0.54632690000000006,0.122852474
-0.086490534000000008,-0.20126258,0.045639470000000001
-0.095468789999999998,0.033069912,-0.018704701000000001
-0.163105,-0.062698155999999991,-0.022595278999999999
-0.22550387999999999,0.015412673,-0.088884740000000004
-0.31947628,-0.11941081000000001,-0.094870239999999995
-0.41090484999999999,-0.1782184,-0.082450319999999994
-0.54423195000000002,-0.17567453999999999,-0.13347675000000001
-0.70194999999999996,-0.00059855040000000002,-0.24286184
-0.32456397999999997,0.57415950000000004,-0.39399582
-0.0061351419999999997,-0.53330845000000004,0.16699557000000001
-0.02813187,0.48078564000000001,-0.15667057000000001
0.22804770999999999,0.044292733000000001,0.22580315000000001
0.33713353000000001,-0.19782092000000001,0.27503391999999999
0.40432080000000004,0.17133506000000001,0.30885202
0.43619362,0.12764086999999999,0.21622633999999999
0.55096566999999996,0.11656769,0.18644844999999999
0.56039285999999999,0.29194298000000002,0.23298574999999999
0.55036709999999989,0.27877486000000001,0.21622633999999999
0.52298343000000003,0.20245968,0.19018939000000001
0.41584292,0.085143800000000006,0.24166473999999999
0.34267009999999998,0.037259765,0.24061727999999999
0.24256256000000001,0.12898761,0.21009120000000003
0.25752629999999999,0.033069912,0.21263504
0.25812486000000001,-0.036960489999999999,0.22071546
0.21906945,0.022146367,0.36002810000000002
0.48347909999999999,0.089483289999999993,0.044442370000000002
-0.556203,1.0531495000000002,-0.52852005000000002
-0.35509004999999999,-0.7032967,0.45115740000000004
-0.17986440000000001,-0.29284080000000001,-0.07347207
-0.16594811000000001,0.86370826000000001,-0.061201779999999997
0.030376434000000001,0.016011223000000002,-0.012868833999999999
0.13168110000000002,-0.086191260000000006,0.074669170000000007
0.081702135999999995,0.0064344169999999996,0.0089782560000000004
0.18180970000000002,-0.22415714,0.076015904999999995
0.29673137999999999,-0.21667525000000001,0.030974984000000001
-0.39339727000000002,-0.0037409402000000004,-0.29403790000000002
-0.25169045000000001,-0.048482585999999994,-0.106691614
0.25902268000000001,0.57371055999999998,-0.14155717000000001
0.6823475,0.59436060000000002,0.13856441999999999
0.59091890000000002,-0.17328034,0.27653030000000001
0.068534023999999999,-0.15158289999999999,0.00014963760000000001
-0.17402852999999999,0.076315179999999996,-0.16250645
-0.13482348999999999,0.21188684999999999,-0.17043723
-0.15711948000000001,0.50891750000000002,-0.29732993000000002
-0.071377135999999994,-0.44202947999999997,0.1038485
-0.20515315000000001,-0.15233108000000001,-0.21113867
-0.039205052000000004,0.24211365000000001,-0.061201779999999997
0.10280103,-0.24301147000000001,-0.058358665999999997
0.11881226,0.11537059400000001,0.06194997
0.091877490000000006,0.079158290000000006,0.011372458
0.058657939999999999,-0.08963293,0.024540567999999999
0.06075287,-0.13078327000000001,0.028281507999999997
0.13078327000000001,0.042945992000000002,0.049081135999999997
0.20694882000000001,0.11252748,0.061800330000000001
0.20470424000000001,0.24031799999999998,0.019602526000000002
0.1894412,0.47165772,-0.12479775999999999
0.44217909999999999,0.38172551999999998,0.097114809999999996
-0.93972414999999998,-0.038307226999999999,-0.27563247000000002
-0.33414078000000003,-0.8716391,0.21203648999999999
-0.13497312,0.066738375000000003,-0.12150574
0.13961187999999999,0.19198506000000001,-0.016460137
0.18525136,-0.30511107999999998,0.1587655
0.22999299999999998,0.10833762599999999,0.107140526
0.088435830000000007,0.21098902999999999,0.094870239999999995
0.071975685999999997,0.065092355000000005,0.10115502
-0.06075287,-0.013916298000000001,0.083946699999999999
0.086640170000000002,0.058358665999999997,0.065690910000000005
0.21862054,0.33877953999999999,0.20784664
0.052073889999999998,0.13542203999999999,0.12928688999999999
-0.098461545999999997,0.1038485,0.071526770000000003
-0.32665890000000003,0.18450316999999999,-0.02813187
-0.3672107,0.10339958,-0.13093291000000001
-0.30825346999999997,0.26351184,-0.19602527
-0.24765023999999999,0.20709844999999999,-0.15696984999999999
-0.24779987000000001,0.099060096,-0.16654666000000001
-0.087538000000000005,0.11133038000000001,-0.15158289999999999
-0.19288288000000001,0.095319150000000005,-0.073172790000000001
0.12554594999999999,-0.33159694000000001,0.16744448000000001
0.19048867,-0.027383681,0.012868833999999999
0.26710314000000002,-0.036810852999999998,0.119261175
0.23523031,0.049978960000000003,0.16056113999999999
0.15397710000000001,0.052971712999999997,0.097114809999999996
0.10474633,0.084395609999999996,0.070329669999999997
0.052971712999999997,0.098760819999999999,0.034117374999999998
0.015562311000000001,0.049978960000000003,0.022595278999999999
0.028431145000000001,0.046537294999999999,0.0085293439999999995
0.07796119,0.068833300000000014,0.070628949999999996
0.092326399999999989,0.04938041,0.045789107999999995
0.12210429,0.035763387000000001,0.065391640000000001
0.033069912,-0.030675709999999998,0.011073183
-0.10579379,-0.13631985999999999,-0.10070611
-0.10998363999999999,-0.31618425,-0.21622633999999999
-0.114173494,-0.44502226,-0.26815059999999996
0.11641805599999999,-0.26755204999999999,-0.21697453
0.0052373161999999997,-0.26171620000000001,-0.11881226
0.0065840550000000001,-0.0010474633000000001,-0.12404957400000001
0.11372458000000001,-0.012120646000000001,-0.062997429999999993
0.18225859999999999,0.016160859999999999,-0.032920274999999999
0.19572598999999999,0.078859020000000002,0.010923545
0.16998832,0.080505036000000002,0.062249242999999996
0.024540567999999999,0.16968904000000001,0.027084406000000002
-0.15158289999999999,0.27338790000000002,0.030675709999999998
-0.14170680999999999,0.36152445999999999,0.065840549999999998
-0.17702129999999999,0.32426470000000002,0.13542203999999999
-0.16968904000000001,0.27712884999999998,0.13138182000000001
-0.13302784000000001,0.20889410000000003,0.15547347
-0.090081839999999996,0.12764086999999999,0.14664485999999999
-0.080654669999999998,0.088435830000000007,0.14754269
-0.114772044,-0.081253220000000001,0.11686697
-0.13033436000000001,-0.23014264000000001,0.033967737000000005
-0.025288755,-0.40806174000000001,0.027383681
0.12419921,-0.4381389,0.065990190000000004
0.21951836,-0.85817169999999987,-0.00014963760000000001
-0.13168110000000002,-1.6531962,-0.045938745000000003
-0.10489596400000001,-1.9903296999999998,-0.37723640000000003
0.065690910000000005,-2.3533506000000002,-0.13108254999999999
-0.091278940000000003,-0.79143330000000001,-1.2478280000000002
-0.40028059999999993,0.86445650000000007,-0.55889650000000002
0.46582185999999998,-1.1771989999999999,0.35284549999999998
0.78320323999999997,0.73427169999999997,0.49485156000000002
0.56772506,2.1585223999999998,0.52358199999999999
0.26680386,1.3649943000000002,0.72664019999999996
-0.37364509999999995,1.8164509999999998,0.40087914000000002
-0.47405192000000002,1.3793594999999998,0.42661682000000001
-0.50038815000000003,0.42736499999999994,0.50233346000000001
-0.61411273,0.95678289999999999,0.030526072000000001
-0.52447980000000005,0.82570030000000005,0.117615156
-0.34326866,0.25662847999999999,0.37140054
0.31259294999999998,-0.62443775000000001,0.60408700000000004
0.16654666000000001,0.17582418,0.0010474633000000001
0.078859020000000002,0.56233809999999995,0.12928688999999999
0.002992752,0.23178865000000001,-0.018106150000000001
-0.025288755,0.44457333999999998,0.060603230000000001
0.038307226999999999,0.049230772999999999,0.1249474
0.038905777000000002,-0.22520460000000003,0.19632453999999999
0.03561375,0.14604631000000001,0.034267011999999999
0.100855745,0.098311910000000002,-0.0011971008
0.19737199999999999,0.044741644999999997,0.0058358666000000005
0.64972649999999998,0.81223290000000004,-0.45714290000000002
0.60857609999999995,1.0055646999999999,0.10265139500000001
0.79966336000000005,-1.951873,0.57026890000000008
0.47494975,-0.45220484999999999,-0.33488896000000001
0.41015667,0.25483283000000001,-0.41120413
0.41748892999999998,-1.3386579999999999,-0.23523031
0.32546179999999997,-1.0302549999999999,-0.25737666999999997
0.31962590000000002,-0.59810150000000006,-0.13617022000000001
0.88570499999999996,-0.11596914400000001,0.38397009999999998
0.89887309999999998,0.025737667000000002,0.60288990000000009
0.27787703000000002,1.0290579,0.24031799999999998
0.24136546,1.0069113999999999,0.42616789999999999
0.020949265000000002,0.55291099999999993,0.35883100000000001
-0.44876320000000003,0.62174430000000003,0.070030399999999993
-0.23508066999999999,0.28116906000000003,0.31573533999999998
-0.1726818,0.27623101999999999,0.31528643000000001
-0.67725980000000008,0.92146840000000008,-0.100855745
-0.17881694000000001,0.33683425,0.34461540000000007
0.43709144,0.18225859999999999,0.5041291
-0.083497785000000005,1.5541361999999999,-0.059855044000000003
0.16445172999999999,0.60947393999999999,0.14619594999999999
0.43035774999999998,0.3422212,0.28745383000000002
-0.36900633999999999,0.74354930000000008,-0.10684125
-0.63625909999999997,0.071227499999999999,-0.15562311000000001
-0.45594579999999996,-0.17402852999999999,-0.088136554000000006
-0.59840080000000007,-0.32606035,-0.45819035000000002
-1.0959458,-0.1249474,-0.38681322000000001
-0.43005848000000002,-0.31932663999999999,-0.034117374999999998
0.66483985999999995,-0.47554833000000002,0.25184008000000002
0.39055415999999998,0.03321955,-0.061351419999999997
0.68563950000000007,-0.1933318,0.071975685999999997
0.21592706,-0.69357030000000008,-0.105494514
-0.50293199999999993,0.19767128,-0.41763856999999999
-0.030226797000000003,-0.25812486000000001,-0.036810852999999998
-0.016011223000000002,-0.27383681999999998,-0.14215572000000001
